{
  "true": {
    "precision": 0.5674255691768827,
    "recall": 0.7043478260869566,
    "f1-score": 0.6285160038797284,
    "support": 460.0
  },
  "mixed": {
    "precision": 0.508235294117647,
    "recall": 0.4490644490644491,
    "f1-score": 0.4768211920529801,
    "support": 481.0
  },
  "false": {
    "precision": 0.5470383275261324,
    "recall": 0.4590643274853801,
    "f1-score": 0.49920508744038156,
    "support": 342.0
  },
  "accuracy": 0.5432579890880749,
  "macro avg": {
    "precision": 0.540899730273554,
    "recall": 0.5374922008789286,
    "f1-score": 0.53484742779103,
    "support": 1283.0
  },
  "weighted avg": {
    "precision": 0.5398005037458234,
    "recall": 0.5432579890880749,
    "f1-score": 0.5371757560925712,
    "support": 1283.0
  }
}