{
  "true": {
    "precision": 0.3147410358565737,
    "recall": 0.3744075829383886,
    "f1-score": 0.341991341991342,
    "support": 211.0
  },
  "false": {
    "precision": 0.3675496688741722,
    "recall": 0.444,
    "f1-score": 0.40217391304347827,
    "support": 250.0
  },
  "half-true": {
    "precision": 0.28115015974440893,
    "recall": 0.3295880149812734,
    "f1-score": 0.30344827586206896,
    "support": 267.0
  },
  "mostly-true": {
    "precision": 0.2956204379562044,
    "recall": 0.3253012048192771,
    "f1-score": 0.30975143403441685,
    "support": 249.0
  },
  "barely-true": {
    "precision": 0.32222222222222224,
    "recall": 0.13551401869158877,
    "f1-score": 0.19078947368421054,
    "support": 214.0
  },
  "pants-fire": {
    "precision": 0.4716981132075472,
    "recall": 0.2717391304347826,
    "f1-score": 0.3448275862068966,
    "support": 92.0
  },
  "accuracy": 0.32190179267342167,
  "macro avg": {
    "precision": 0.34216360631018805,
    "recall": 0.31342499197755175,
    "f1-score": 0.3154970041370689,
    "support": 1283.0
  },
  "weighted avg": {
    "precision": 0.32683253270286994,
    "recall": 0.32190179267342167,
    "f1-score": 0.31442364259566674,
    "support": 1283.0
  }
}